Action,Time Stamp
Afisare dupa nume,2019/05/15 22:19:12
Action,Time Stamp
Afisare dupa nume,2019/05/15 22:21:18
Action,Time Stamp
ReturnareInfo,2019/05/20 12:42:45
Action,Time Stamp
ReturnareInfo,2019/05/20 12:45:11
Action,Time Stamp
ReturnareInfo,2019/05/20 12:46:59
Action,Time Stamp
ReturnareInfo,2019/05/20 12:48:02
Action,Time Stamp
ReturnareInfo,2019/05/20 12:49:56
Action,Time Stamp
ReturnareInfo,2019/05/20 13:00:27
Action,Time Stamp
ReturnareInfo,2019/05/20 13:00:27
Action,Time Stamp
ReturnareInfo,2019/05/20 13:06:45
Action,Time Stamp
ReturnareInfo,2019/05/20 13:11:56
Action,Time Stamp
ReturnareInfo,2019/05/20 13:12:00
Action,Time Stamp
ReturnareInfo,2019/05/20 13:26:49
Action,Time Stamp
ReturnareInfo,2019/05/20 13:27:28
Action,Time Stamp
ReturnareInfo,2019/05/20 13:28:26
Action,Time Stamp
ReturnareInfo,2019/05/20 13:34:02
